iter	RMSE
0	12539.5151	11	12489.1932	12	12414.2553	13	12375.8554	14	12327.0035	15	12266.8056	16	12217.717	17	12162.9888	18	12110.8319	19	12051.7821010	12009.10341111	11962.08931212	11911.1325113	11873.20472114	11832.19931115	11793.97126116	11759.38359117	11738.33939118	11688.10856119	11656.10756220	11624.65195221	11597.5816222	11566.71915223	11524.65392224	11485.2507
25	11447.88521
26	11427.79666
27	11401.48779
28	11380.28131
29	11348.44195
30	11321.95004331	11279.66827332	11246.0196
33	11225.73467
34	11201.82326
35	11168.47052
36	11145.42473
37	11120.55731338	11087.31903339	11063.90048440	11034.83045441	11007.57764442	10993.40529443	10977.40682444	10949.47244445	10932.78684446	10916.39334447	10902.2986448	10892.51714949	10882.52335050	10862.52805151	10843.98135252	10826.34615353	10802.5706554	10782.84529555	10767.54011556	10755.22459557	10740.7982
58	10723.62376
59	10712.58169
60	10687.97473
61	10678.10649
62	10661.85254663	10632.4135
64	10620.79541
65	10611.30476666	10587.81179667	10571.16932668	10556.94669	69	10545.34070	70	10536.85171	71	10527.26872	72	10520.27873	73	10504.03074	74	10484.6875	175	10478.176	1176	10460.777	1177	10450.578	1178	10443.79	11079	10432.80	10980	1042481	109881	1041682	109782	1040283	10983	10367.84	10984	10360.85	10985	10354.86	10986	10349.87	10987	10342.88	10988	10334.89	10989	10326.90	1090	10301.191	191	10289.0792	192	10265.7593	193	10259.5394	194	10251.0895	195	10238.1296	196	10229.5797	197	10218.2398	198	10196.1099	99	10183.96282
5
4
784
